SHS,District,Location,Gender,Email,Region
Accra Academy,Accra Metro,Kaneshie,Male,accraacademyshs@ges.gov.gh,Greater Accra Region
Accra Girls Senior High School,Ayawaso North Municipal,Mamobi,Female,accragirlsshs@ges.gov.gh,Greater Accra Region
Accra Senior High School,Korley Klottey Municipal,Asylum Down,Mixed,accrashs@ges.gov.gh,Greater Accra Region
Accra Technical Training Centre,Ayawaso Central Municipal,Kokomlemle,Mixed,accratechtrgcentre@ges.gov.gh,Greater Accra Region
Accra Wesley Girls Senior High School,Accra Metro,Kaneshie,Female,accrawesleygirlshs@ges.gov.gh,Greater Accra Region
Achimota Senior High School,Okaikoi North Municipal,Achimota,Mixed,achimotashs@ges.gov.gh,Greater Accra Region
Ada Senior High School,Ada East District,Ada-Foah,Mixed,adashs@ges.gov.gh,Greater Accra Region
Ada Senior High/Technical School,Ada West District,Sege,Mixed,adashst@ges.gov.gh,Greater Accra Region
Ada Technical Institute,Ada East District,Ada,Mixed,adatechinst@ges.gov.gh,Greater Accra Region
Adjen Kotoku Senior High School,Ga West Municipal,Adjen Kotoku,Mixed,adjenkotokushs@ges.gov.gh,Greater Accra Region
Amasaman Senior High/Technical School,Ga West Municipal,Amasaman,Mixed,amasamanshst@ges.gov.gh,Greater Accra Region
Ashiaman Senior High School,Ashiaman Municipal,Ashiaman,Mixed,ashiamanshs@ges.gov.gh,Greater Accra Region
Ashiaman Technical/Vocational Inst.,Ashiaman Municipal,Ashiaman,Mixed,ashiamantechvocinst@ges.gov.gh,Greater Accra Region
Chemu Senior High/Technical School,Tema Metro,Tema Comm 4,Mixed,chemushst@ges.gov.gh,Greater Accra Region
Christian Methodist Senior High School,Ga South Municipal,Aplaku (Weija),Mixed,christianmethodistshs@ges.gov.gh,Greater Accra Region
Ebenezer Senior High School,Ablekuma West Municipal,Dansoman,Mixed,ebenezershs@ges.gov.gh,Greater Accra Region
"Forces Senior High/Technical School, Burma Camp",La Dade-Kotopon Municipal,Burma Camp,Mixed,forcesshs@ges.gov.gh,Greater Accra Region
Frafraha Community Senior High School,Adentan Municipal,Frafraha,Mixed,frafrahacomshs@ges.gov.gh,Greater Accra Region
Ghanata Senior High School,Shai-Osudoku District,Dodowa,Mixed,ghanatashs@ges.gov.gh,Greater Accra Region
Holy Trinity Senior High School,Accra Metro,High Street Accra,Mixed,holytrinityshs@ges.gov.gh,Greater Accra Region
Kaneshie Senior High/Technical School,Ablekuma Central Municipal,Kaneshie,Mixed,kaneshieshst@ges.gov.gh,Greater Accra Region
Kinbu Senior High/Technical School,Korley Klottey Municipal,Tudu – Accra,Mixed,kinbushst@ges.gov.gh,Greater Accra Region
Kpone Community Senior High School,Kpone Katamanso Municipal,Katamanso,Mixed,kponecommshs@ges.gov.gh,Greater Accra Region
Kwabenya Community Senior High School,Ga East Municipal,Kwabenya,Mixed,kwabenyacommshs@ges.gov.gh,Greater Accra Region
La Presby Senior High School,La Dade-Kotopon Municipal,La Emmaus,Mixed,presbylashs@ges.gov.gh,Greater Accra Region
Labone Senior High School,La Dade-Kotopon Municipal,Labone,Mixed,laboneshs@ges.gov.gh,Greater Accra Region
Lashibi Community Senior High School,Tema West Municipal,Lashibi Sakumono,Female,lashibicommunityshs@ges.gov.gh,Greater Accra Region
Ngleshie Amanfro Senior High School,Ga South Municipal,Ngleshie Amanfro,Mixed,ngleshieamanfroshs@ges.gov.gh,Greater Accra Region
Ningo Senior High School,Ningo Prampram District,Old Ningo,Mixed,ningoshs@ges.gov.gh,Greater Accra Region
Nungua Senior High School,Krowor Municipal,Nungua,Mixed,nunguashs@ges.gov.gh,Greater Accra Region
O’reilly Senior High School,Krowor Municipal,Okpoi Gomme,Mixed,oreillyshs@ges.gov.gh,Greater Accra Region
Odorgonno Senior High School,Ga Central Municipal,Awoshie,Mixed,odorgonnoshs@ges.gov.gh,Greater Accra Region
Osudoku Senior High/Technical School,Shai-Osudoku District,Asutsuare,Mixed,osudokushst@ges.gov.gh,Greater Accra Region
Our Lady Of Mercy Senior High School,Tema Metro,Tema Comm 4,Mixed,ourladyofmercyshs@ges.gov.gh,Greater Accra Region
Prampram Senior High School,Ningo Prampram District,Prampram,Mixed,prampramshs@ges.gov.gh,Greater Accra Region
"Presby Boys Senior High School, Legon",La Nkwantanang Madina Municipal,Legon,Male,presbyboyslegonshs@ges.gov.gh,Greater Accra Region
"Presby Senior High School, Osu",Korley Klottey Municipal,Osu,Mixed,presbyshsosu@ges.gov.gh,Greater Accra Region
"Presby Senior High School, Tema",Tema Metro,Tema,Mixed,presbyshstema@ges.gov.gh,Greater Accra Region
"Presby Senior High School, Teshie",Ledzokuku Municipal,Teshie,Mixed,presbyteshieshs@ges.gov.gh,Greater Accra Region
Sacred Heart Technical Institute,Accra Metro,James Town,Mixed,sacredhearttechinst@ges.gov.gh,Greater Accra Region
St. John’s Grammar Senior High School,Ga North Municipal,Achimota,Mixed,stjohnsgrammarshs@ges.gov.gh,Greater Accra Region
St. Margaret Mary Senior High/Technical School,Ablekuma West Municipal,Dansoman,Mixed,stmargaretmaryshst@ges.gov.gh,Greater Accra Region
"St. Mary’s Senior High School, Korle Gonno",Accra Metro,Korle Gonno,Female,stmarysshs@ges.gov.gh,Greater Accra Region
"St. Thomas Aquinas Senior High School, Cantonments",La Dade-Kotopon Municipal,Cantonments,Male,stthomasaquinasshs@ges.gov.gh,Greater Accra Region
Tema Manhean Senior High/Technical School,Tema Metro,Tema New Town,Mixed,temamanheanshst@ges.gov.gh,Greater Accra Region
Tema Meth. Day Senior High School,Tema Metro,Tema Comm Ii,Mixed,temamethdayshs@ges.gov.gh,Greater Accra Region
Tema Senior High School,Tema West Municipal,"Tema Comm 5 Community 14,",Mixed,temashs@ges.gov.gh,Greater Accra Region
Tema Technical Institute,Tema Metro,Tema,Mixed,tematechinst@ges.gov.gh,Greater Accra Region
Teshie Tech. Institute,Ledzokuku Municipal,Teshie,Mixed,teshietechinst@ges.gov.gh,Greater Accra Region
Wesley Grammar Senior High School,Ablekuma North Municpal,Dansoman,Mixed,wesleygrammarshs@ges.gov.gh,Greater Accra Region
West Africa Senior High School,La Nkwantanang Madina Municipal,Adenta,Mixed,westafricashs@ges.gov.gh,Greater Accra Region
Achinakrom Senior High School,Ejisu Juaben Municipal,Achinakrom,Mixed,achinakromshs@ges.gov.gh,Ashanti Region
Adanwomase Senior High School,Kwabre East,Adanwomase,Mixed,adanwomaseshs@ges.gov.gh,Ashanti Region
Adobewora Community Senior High School,Atwima Mponua,Adobewora,Mixed,adobeworacommshs@ges.gov.gh,Ashanti Region
Adu Gyamfi Senior High School,Sekyere South,Jamasi,Mixed,adugyamfishs@ges.gov.gh,Ashanti Region
Adugyama Community Senior High School,Ahafo Ano South,Adugyama,Mixed,adugyamacommshs@ges.gov.gh,Ashanti Region
Aduman Senior High School,Afigya-Kwabere,Aduman,Mixed,adumanshs@ges.gov.gh,Ashanti Region
Adventist Girls Senior High School,Kwabre East,Ntonso,Female,adventistgirlsshs@ges.gov.gh,Ashanti Region
"Adventist Senior High School, Kumasi",Kumasi Metro,"Bantama, Kumasi",Mixed,adventistkumasishs@ges.gov.gh,Ashanti Region
Afigyaman Senior High School,Afigya-Kwabre,Kyekyewere,Mixed,afigyamanshs@ges.gov.gh,Ashanti Region
Afua Kobi Ampem Girls’ Senior High School,Atwima Kwanwoma,Trabuom,Female,afuakobiampemgirlsshs@ges.gov.gh,Ashanti Region
Agogo State College,Asante Akim North,Agogo,Mixed,agogostatecollegeshs@ges.gov.gh,Ashanti Region
Agona Senior High/Technical School,Sekyere South,Agona,Mixed,agonashst@ges.gov.gh,Ashanti Region
"Agric Nzema Senior High School, Kumasi",Kumasi Metro,"Kumasi, Agric Nzema",Mixed,agricnzemashs@ges.gov.gh,Ashanti Region
Akrofuom Senior High/Technical School,Adansi South,Akrofuom,Mixed,akrofuomshst@ges.gov.gh,Ashanti Region
Akumadan Senior High School,Offinso North,Akumadan,Mixed,akumadanshs@ges.gov.gh,Ashanti Region
Akwesi Awobaa Senior High School,Ejura/Sekyedumase,Anyinasu,Mixed,akwesiawobaashs@ges.gov.gh,Ashanti Region
"Al-Azariya Islamic Senior High School, Kumasi",Kumasi Metro,"Old Tafo, Kumasi",Mixed,al-azariyaislamicshs@ges.gov.gh,Ashanti Region
Amaniampong Senior High School,Mampong Municipal,Mampong,Mixed,amaniampongshs@ges.gov.gh,Ashanti Region
"Anglican Senior High School, Kumasi",Kumasi Metro,"Asem, Kumasi",Mixed,anglicankumasishs@ges.gov.gh,Ashanti Region
Antoa Senior High School,Kwabre East,Antoa,Mixed,antoashs@ges.gov.gh,Ashanti Region
"Armed Forces Senior High/Technical School, Kumasi",Kumasi Metro,Bantama Kumasi,Mixed,armedforceskumasishst@ges.gov.gh,Ashanti Region
Asanteman Senior High School,Kumasi Metro,Bantama,Mixed,asantemanshs@ges.gov.gh,Ashanti Region
Asare Bediako Senior High School,Adansi North,Akrokerri,Mixed,asarebediakoshs@ges.gov.gh,Ashanti Region
Asuoso Community Senior High School,Offinso North,Asuoso,Mixed,asuosocommshs@ges.gov.gh,Ashanti Region
Atwima Kwanwoma Senior High/Technical School,Atwima Kwanwoma,Trede,Mixed,atwimakwanwomashst@ges.gov.gh,Ashanti Region
Banka Community Senior High School,Asante Akim South,Banka,Mixed,bankacommsshs@ges.gov.gh,Ashanti Region
Bankoman Senior High School,Sekyere Kumawu,Banko,Mixed,bankomanshs@ges.gov.gh,Ashanti Region
Barekese Senior High School,Atwima Nwabiagya,Barekese,Mixed,barekeseshs@ges.gov.gh,Ashanti Region
Beposo Senior High School,Bosomtwe,Beposo,Mixed,bepososhs@ges.gov.gh,Ashanti Region
Bodomase Senior High/Technical School,Sekyere Kumawu,Bodomase,Mixed,bodomaseshst@ges.gov.gh,Ashanti Region
Bodwesango Senior High School,Adansi North,Bodwesango,Mixed,bodwesangoshs@ges.gov.gh,Ashanti Region
Bompata Presby Senior High School,Asante Akim South,Bompata,Mixed,presbybompatashs@ges.gov.gh,Ashanti Region
Bonwire Senior High/Technical School,Ejisu Juaben Municipal,Bonwire,Mixed,bonwireshst@ges.gov.gh,Ashanti Region
Bosome Senior High/Technical. School,Bosome Freho,Asiwa,Mixed,bosomeshst@ges.gov.gh,Ashanti Region
Bosomtwe Oyoko Community Senior High School,Bosomtwe,Bosomtwe Oyoko,Mixed,bosomtweoyokocommshs@ges.gov.gh,Ashanti Region
"Christ The King Catholic SHS, Obuasi",Sekyere Central,Nsuta,Mixed,nsutamancathshs@ges.gov.gh,Ashanti Region
"Christ The King Catholic, Obuasi",Obuasi Municipal,Obuasi,Mixed,christthekingcathshs@ges.gov.gh,Ashanti Region
Church Of Christ Senior High School,Ejisu Juaben,[near] Woe,Mixed,churchofchristshs@ges.gov.gh,Ashanti Region
"Collins Senior High/commercial School, Agogo",Asante Akim North,Agogo,Mixed,collincomshs@ges.gov.gh,Ashanti Region
Dadease Agric Senior High School,Sekyere Kumawu,Dadease,Mixed,dadeaseagricshs@ges.gov.gh,Ashanti Region
Denyaseman Catholic Senior High School,Bekwai Municipal,Poano,Mixed,denyasemancathshs@ges.gov.gh,Ashanti Region
Dompoase Senior High School,Adansi North,Dompoase,Mixed,dompoaseshs@ges.gov.gh,Ashanti Region
Dwamena Akenten Senior High School,Offinso Municipal,Offinso,Mixed,dwamenaakentenshs@ges.gov.gh,Ashanti Region
Effiduase Senior High/com School,Sekyere East,Effiduase,Mixed,effiduaseshst@ges.gov.gh,Ashanti Region
Effiduase Senior High/Technical School,Sekyere East,Akyawkrom,Mixed,effiduaseshst@ges.gov.gh,Ashanti Region
Ejisu Senior High/Technical School,Ejisu Juaben Municipal,Ejisu,Mixed,ejisushst@ges.gov.gh,Ashanti Region
Ejisuman Senior High School,Ejisu Juaben Municipal,Ejisu,Mixed,ejisumanshs@ges.gov.gh,Ashanti Region
Ejuraman Anglican Senior High School,Ejura/Sekyedumase,Ejura,Mixed,ejuramananglicanshs@ges.gov.gh,Ashanti Region
Esaase Bontefufuo Senior High/Technicalnical. School,Amansie West,Esaase Bontefufuo,Mixed,esaasebontefufuoshst@ges.gov.gh,Ashanti Region
Fomena T.I. Ahmad Senior High School,Adansi North,Fomena,Mixed,T.I.ahmadiyyafomenashs@ges.gov.gh,Ashanti Region
Ghana Muslim Mission Senior High School,Sekyere Central,Beposo,Mixed,ghanamuslimmissionshs@ges.gov.gh,Ashanti Region
Gyaama Pensan Senior High/Technical School,Kwabre East,"Aboaso, Ashanti",Mixed,gyaamapensanshst@ges.gov.gh,Ashanti Region
"Islamic Senior High School, Ampabame",Kumasi Metro.,Ampabame,Mixed,islamicampabameshs@ges.gov.gh,Ashanti Region
Jachie Pramso Senior High School,Bosomtwe,Jachie Pramso,Mixed,jachiepramsoshs@ges.gov.gh,Ashanti Region
Jacobu Senior High/Technicalnical. School,Amansie Central,Jacobu,Mixed,jacobushst@ges.gov.gh,Ashanti Region
Juaben Senior High School,Ejisu Juaben Municipal,Juaben,Mixed,juabenshs@ges.gov.gh,Ashanti Region
Juaso Senior High/Technicalnical School,Asante Akim South,Juaso,Mixed,juasoshs@ges.gov.gh,Ashanti Region
Jubilee Senior High School,Asante Akim South,Dampong,Mixed,jubileeshs@ges.gov.gh,Ashanti Region
Knust Senior High School,Kumasi Metro,Knust,Mixed,knustshs@ges.gov.gh,Ashanti Region
Kofi Adjei Senior High/Technical School,Kwabre East,Bampenase,Mixed,kofiadjeishst@ges.gov.gh,Ashanti Region
Kofiase Adventist Senior High/Technical. School,Mampong Municipal,Kofiase,Mixed,kofiaseadventistshs.@ges.gov.gh,Ashanti Region
Konadu Yiadom Catholic Senior High School,Sekyere South,Asamang,Mixed,konaduyiadomcatholicshs@ges.gov.gh,Ashanti Region
Konongo Odumase Senior High School,Asante Akim Central Municipal,Odumase,Mixed,konongoodumaseshs@ges.gov.gh,Ashanti Region
Krobea Asante Tech/voc School,Sekyere East,Asokore,Mixed,krobeaasantetechvoc@ges.gov.gh,Ashanti Region
Kumasi Academy,Asokore Mampong Municipal,Asokore Mampong,Mixed,kumasiacademyshs@ges.gov.gh,Ashanti Region
Kumasi Girls Senior High School,Kumasi Metro,Abrepo,Female,kumasigirlsshs@ges.gov.gh,Ashanti Region
Kumasi Senior High School,Kumasi Metro,"Gyinyase, Kumasi",Male,kumasishs@ges.gov.gh,Ashanti Region
Kumasi Senior High/Technical School,Kumasi Metro,"Patasi, Kumasi",Mixed,kumasishst@ges.gov.gh,Ashanti Region
Kumasi Technical Institute,Kumasi Metro,Kumasi,Mixed,kumasitechinst@ges.gov.gh,Ashanti Region
Kumasi Wesley Girls High School,Kumasi Metro,"Old Tafo, Kumasi",Female,kumasiwesleygirlsshs@ges.gov.gh,Ashanti Region
Kurofa Methodist Senior High School,Asante Akim South,Kurofa,Mixed,kurofamethodistshs@ges.gov.gh,Ashanti Region
Kwanwoma Senior High School,Atwima Kwanwoma,Adum Kwanwoma,Mixed,kwanwomashst@ges.gov.gh,Ashanti Region
Maabang Senior High/Technicalnical School,Ahafo Ano North,Maabang,Mixed,maabangshst@ges.gov.gh,Ashanti Region
Mankranso Senior High School,Ahafo Ano South,Mankranso,Mixed,mankransoshs@ges.gov.gh,Ashanti Region
Manso-Adubia Senior High School,Amansie West,Adubia,Mixed,manso-adubiashs@ges.gov.gh,Ashanti Region
Mansoman Senior High School,Amansie West,Manso Atwere,Mixed,mansomanshs@ges.gov.gh,Ashanti Region
Methodist Technical Institute,Kumasi Metro.,Kwadaso,Mixed,methodisttechinst@ges.gov.gh,Ashanti Region
Mpasatia Senior High/Technical School,Atwima Mponua,Mpasatia,Mixed,mpasatiashst@ges.gov.gh,Ashanti Region
Namong Senior High/Technical School,Offinso Municipal,Namong,Mixed,namongshst@ges.gov.gh,Ashanti Region
New Edubiase Senior High School,Adansi South,New Edubiase,Mixed,newedubiaseshs@ges.gov.gh,Ashanti Region
Nkawie Senior High/Technical School,Atwima Nwabiagya,Nkawie,Mixed,nkawieshst@ges.gov.gh,Ashanti Region
Nkenkansu Community Senior High School,Offinso North,Nkenkansu,Mixed,nkenkansucommshs@ges.gov.gh,Ashanti Region
"Nuru-Ameen Islamic Senior High School, Asewase",Kumasi Metro,Asewase,Mixed,nuru-ameenislamicshs@ges.gov.gh,Ashanti Region
Nyinahin Catholic Senior High School,Atwima Mponua,Nyinahin,Mixed,nyinahincathshs@ges.gov.gh,Ashanti Region
Obuasi Senior High/Technical School,Obuasi Municipal,Obuasi,Mixed,obuasishst@ges.gov.gh,Ashanti Region
Ofoase Kokoben Senior High School,Bekwai Municipal,Ofoase Kokobin,Mixed,ofoasekokobenshs@ges.gov.gh,Ashanti Region
Ofoase Senior High/Technical School,Asante Akim South,Ofoase,Mixed,ofoaseshs@ges.gov.gh,Ashanti Region
Okomfo Anokye Senior High School,Sekyere South,Wiamoase,Mixed,okomfoanokyeshs@ges.gov.gh,Ashanti Region
Onwe Senior High School,Ejisu Onwe,Ejisu Onwe,Mixed,onweshs@ges.gov.gh,Ashanti Region
Opoku Agyeman Senior High/Technical School,Mampong Municipal,Apaah,Mixed,opokuagyemanshst@ges.gov.gh,Ashanti Region
Opoku Ware Senior High School,Kumasi Metro,Santasi-Kumasi,Male,opokuwareshs@ges.gov.gh,Ashanti Region
Oppong Mem. Senior High School,Bekwai Municipal,Kokofu,Mixed,oppongmemshs@ges.gov.gh,Ashanti Region
Osei Adutwum Senior High School,Bosomtwe,Jachie,Mixed,oseiadutwumshs@ges.gov.gh,Ashanti Region
Osei Kyeretwie Senior High School,Kumasi Metro,"Old Tafo, Kumasi",Mixed,oseikyeretwieshs@ges.gov.gh,Ashanti Region
"Osei Tutu Senior High School, Akropong",Atwima Nwabiagya,Akropong,Male,oseitutuakropongshs@ges.gov.gh,Ashanti Region
Otumfuo Osei Tutu II College,Afigya-Kwabere,Tetrem,Mixed,otumfuooseitutu11shs@ges.gov.gh,Ashanti Region
Owerriman Senior High School,Asante Akim North,Domeabra,Mixed,owerrimanshs@ges.gov.gh,Ashanti Region
Parkoso Community Senior High School,Asokore Mampong Municipal,Parkoso,Mixed,parkosocommshs@ges.gov.gh,Ashanti Region
"Pentecost Senior High School, Kumasi",Kumasi Metro,"Breman West, Kumasi",Mixed,pentecostkumasishs@ges.gov.gh,Ashanti Region
Prempeh College,Kumasi Metro,"Sofoline, Kumasi",Male,prempehshs@ges.gov.gh,Ashanti Region
"Presby Senior High/Technical School, Kwamang",Sekyere Central,Kwamang,Mixed,presbykwamangshst@ges.gov.gh,Ashanti Region
Prince Of Peace Girls,Kumasi Metro,Kwadaso Estates,Mixed,princeofpeacegirlsshs@ges.gov.gh,Ashanti Region
"S.D.A. Senior High School, Agona",Sekyere South,Agona,Mixed,sdaagonashs@ges.gov.gh,Ashanti Region
"S.D.A. Senior High School, Bekwai",Bekwai Municipal,Bekwai,Mixed,sdabekwaishs@ges.gov.gh,Ashanti Region
Sabronum Methodist Senior High/Technicalnical School,Ahafo Ano South,Sabronum/Habitat,Mixed,sabronummethodistshst@ges.gov.gh,Ashanti Region
Sakafia Islamic Senior High School,Asokore Mampong Municipal,Sawaba,Mixed,sakafiaislamicshs@ges.gov.gh,Ashanti Region
Sekyedumase Senior High/Technical School,Ejura/Sekyedumase,Sekyedumase,Mixed,sekyedumashst@ges.gov.gh,Ashanti Region
Serwaah Nyarko Girls’ Senior High School,Kumasi Metro,Dichemso,Female,serwaahnyarkogirlsshs@ges.gov.gh,Ashanti Region
Simms Senior High/com. School,Kwabre East,Fawoade,Mixed,simmscomshs@ges.gov.gh,Ashanti Region
Spiritan Senior High School,Nkawie,Adankwame,Mixed,spiritanshs@ges.gov.gh,Ashanti Region
St. George’s Senior High Tech School,Bosomtwe,Kuntanase,Mixed,st.georgesshst@ges.gov.gh,Ashanti Region
"St. Hubert Sem/senior High School, Kumasi",Kumasi Metro,Santasi-Kumasi,Male,st.hubertsemshs@ges.gov.gh,Ashanti Region
"St. Jerome Senior High School, Abofour",Offinso Municipal,Abofour,Mixed,st.jeromeshs@ges.gov.gh,Ashanti Region
St. Joseph Sem/Senior High School,Mampong Municipal,Mampong,Mixed,st.josephsemshs@ges.gov.gh,Ashanti Region
"St. Joseph Senior High/Technical School, Ahwiren",Bekwai Municipal,Ahwiren,Mixed,st.josephahwirenshst@ges.gov.gh,Ashanti Region
"St. Louis Senior High School, Kumasi",Kumasi Metro,Oduom-Kumasi,Female,st.louiskumasishs@ges.gov.gh,Ashanti Region
"St. Mary’s Girl’s Senior High, Konongo",Asante Akim Central Municipal,Konongo,Female,st.marygirlkonongoshs@ges.gov.gh,Ashanti Region
St. Michael Technical/Vocational Institute,Bosomtwe,Pramso,Mixed,st.michaeltechvocinst@ges.gov.gh,Ashanti Region
"St. Michael’s Senior High School, Ahenkro",Afigya-Kwabre,Ahenkro,Mixed,st.michaelahenkroshs@ges.gov.gh,Ashanti Region
"St. Monica’s Senior High School, Mampong",Mampong Municipal,Mampong,Female,st.monicasmampongshs@ges.gov.gh,Ashanti Region
St. Sebastian Catholic Senior High School,Ejisu Juaben,Adumasa,Mixed,st.sebastiancathshs@ges.gov.gh,Ashanti Region
"T. I. Ahmadiyya Girl’s Senior High School, Asokore",Sekyere East,Asokore,Female,T.I.ahmadiyyagirlsshs@ges.gov.gh,Ashanti Region
"T. I. Ahmadiyya Senior High School, Kumasi",Kumasi Metro,Kumasi – Stadium,Mixed,T.I.ahmadiyyakumasishs@ges.gov.gh,Ashanti Region
Tawheed Senior High School,Kumasi Metro,Kumasi – Akwatia Line,Mixed,tawheedshs@ges.gov.gh,Ashanti Region
Tepa Senior High School,Ahafo Ano North,Tepa,Mixed,tepashs@ges.gov.gh,Ashanti Region
Tijjaniya Senior High School,Sekyere East,Asokore,Mixed,tijjaniyashs@ges.gov.gh,Ashanti Region
Toase Senior High School,Atwima Nwabiagya,Toase,Mixed,toaseshs@ges.gov.gh,Ashanti Region
Tweapease Senior High School,Amansie Central,Tweapease,Mixed,tweapeaseshs@ges.gov.gh,Ashanti Region
Tweneboa Kodua Senior High School,Sekyere Kumawu,Kumawu,Mixed,tweneboakoduashs@ges.gov.gh,Ashanti Region
"Uthmaniya Senior High School, Tafo",Kumasi Metro,Tafo,Mixed,uthmaniyashs@ges.gov.gh,Ashanti Region
"Wesley High School, Bekwai",Bekwai Municipal,Bekwai,Mixed,wesleyhighbekwaishs@ges.gov.gh,Ashanti Region
"Wesley Senior High School, Konongo",Asante Akim Central Municipal,Konongo,Mixed,wesleykonongoshs@ges.gov.gh,Ashanti Region
Wiafe Akenten Presby Senior High School,Offinso North,Afrancho,Mixed,wiafeakentenpresbyshs@ges.gov.gh,Ashanti Region
Yaa Asantewaa Girls Senior High School,Kumasi Metro,"Tanoso, Kumasi",Female,yaaasantewaagirlsshs@ges.gov.gh,Ashanti Region
Abakrampa Senior High/Technical School,Abura/Asebu/Kwamankese,Abakrampa,Mixed,abakrampashst@ges.gov.gh,Central Region
Abeadze State College,Mfantsiman Municipal,Abeadze Domeabra,Mixed,abeadzestateshs@ges.gov.gh,Central Region
Aburaman Senior High School,Abura/Asebu/Kwamankese,Abura Dunkwa,Mixed,aburamanshs@ges.gov.gh,Central Region
"Academy of Christ the King, Cape Coast",Cape Coast Metro,Cape Coast,Mixed,academyofchristthekingshs@ges.gov.gh,Central Region
Adankwaman Senior High School,Assin South,Assin Darmang,Mixed,adankwamanshs@ges.gov.gh,Central Region
Adisadel College,Cape Coast Metro,Cape Coast,Male,adisadelshs@ges.gov.gh,Central Region
Aggrey Mem. A.M.E. Zion Senior High School,Abura/Asebu/Kwamankese,Cape Coast,Mixed,aggreymemamezionshs@ges.gov.gh,Central Region
Agona Fankobaa Senior High School,Agona West Municipal,Agona Fankobaa,Mixed,agonafankobaashs@ges.gov.gh,Central Region
Agona Namonwora Communitysenior High School,Agona East,Agona Namonwora,Mixed,agonanamonworacommshs@ges.gov.gh,Central Region
Akyin Senior High School,Ekumfi Central,Mbroboto,Mixed,akyinshs@ges.gov.gh,Central Region
Apam Senior High School,Gomoa West,Apam,Mixed,apamshs@ges.gov.gh,Central Region
Assin Manso Senior High School,Assin South,Assin Manso,Mixed,assinmansoshs@ges.gov.gh,Central Region
Assin North Senior High/Technical School,Assin North Municipal,Assin Asempaneye,Mixed,assinnorthshst@ges.gov.gh,Central Region
Assin Nsuta Senior High School,Assin South,Assin Nsuta,Mixed,assinnsutaagricshs@ges.gov.gh,Central Region
Assin State College,Assin North Municipal,Assin Bereku,Mixed,assinstateshs@ges.gov.gh,Central Region
Asuansi Technical Institute,Abura/Asebu/Kwaman,Asuansi,Mixed,asuansitechinst@ges.gov.gh,Central Region
Awutu Bawjiase Comm Senior High School,Awutu Senya,Bawjiase,Mixed,awutubawjiasecommshs@ges.gov.gh,Central Region
Awutu Winton Senior High School,Awutu Senya,Awutu,Mixed,awutuwintonshs@ges.gov.gh,Central Region
Ayanfuri Senior High School,Upper Denkyira West,Ayanfuri,Mixed,ayanfurishs@ges.gov.gh,Central Region
Bisease Senior High/Community School,Ajumako/ Enyan/Esiam,Bisease,Mixed,biseaseshscomshs@ges.gov.gh,Central Region
Boa-Amponsem Senior High School,Upper Denkyira East Municipal,Dunkwa-on Offin,Mixed,boa-amponsemshs@ges.gov.gh,Central Region
Bontrase Senior High Tech. School,Awutu Senya,Jei Krodua,Mixed,bontraseshst@ges.gov.gh,Central Region
Brakwa Senior High/Technical School,Asikuma/Odoben/Brakwa,Brakwa,Mixed,brakwashst@ges.gov.gh,Central Region
Breman Asikuma Senior High School,Asikuma/Odoben/Brakwa,Breman Asikuma,Mixed,bremanasikumashs@ges.gov.gh,Central Region
Cape Coast Technical Institute,Cape Coast,Cape Coast,Mixed,capecoasttechinst@ges.gov.gh,Central Region
"College of Music Senior High School, Mozano",Gomoa West,Mozano,Mixed,collegeofmusicshs@ges.gov.gh,Central Region
Diaso Senior High School,Upper Denkyira West,Diaso,Mixed,diasoshs@ges.gov.gh,Central Region
Dunkwa Senior High/Technical School,Upper Denkyira East Municipal,Dunkwa-on Offin,Mixed,dunkwaseshst@ges.gov.gh,Central Region
Edinaman Senior High School,Komenda/Edina/Eguafo/Abirem Municipal,Elmina,Mixed,edinamanshs@ges.gov.gh,Central Region
Effutu Senior High/Technical School,Cape Coast Metro,Cape Coast,Mixed,effutushst@ges.gov.gh,Central Region
Eguafo-Abrem Senior High School,Komenda/Edina/Eguafo/Abirem Municipal,Eguafo Abirem,Mixed,eguafoabremshs@ges.gov.gh,Central Region
Ekumfi T. I. Ahmadiiyya Senior High School,Ekumfi,Esakyir,Mixed,ekumfittiahmadiyyashs@ges.gov.gh,Central Region
Enyan Denkyira Senior High School,Ajumako/ Enyan/esiam,Denkyira,Mixed,enyandenkyirashs@ges.gov.gh,Central Region
Enyan Maim Community Day Senior High School,Ajumako/ Enyan/Esiam,Enyan Maim,Mixed,enyanmaimcommshs@ges.gov.gh,Central Region
Enyan-Abaasa Technical Institute,Ajumako/Enyan/Essiam,Enyan-Abaasa,Mixed,enyanabaasatechinst@ges.gov.gh,Central Region
Fettehman Senior High School,Gomoa East,Gomoa Fetteh,Mixed,fettehmanshs@ges.gov.gh,Central Region
Ghana National College,Cape Coast Metro,Cape Coast,Mixed,ghananationalshs@ges.gov.gh,Central Region
Gomoa Gyaman Senior High School,Gomoa East,Gomoa Gyaman,Mixed,gomoagyamanshs@ges.gov.gh,Central Region
Gomoa Senior High/Technical School,Gomoa West,Dawurampon,Mixed,gomoashst@ges.gov.gh,Central Region
Gyaase Community Senior High School,Assin North Municipal,Assin Akonfudi,Mixed,gyaasecommunityshs@ges.gov.gh,Central Region
"Holy Child School, Cape Coast",Cape Coast Metro,Cape Coast,Female,holychildsch@ges.gov.gh,Central Region
J.E.A. Mills Senior High School,Ekumfi,Otuam,Mixed,jeamillsshs@ges.gov.gh,Central Region
Jukwa Senior High School,Twifo Hemang Lower Denkyira,Jukwa,Mixed,jukwashs@ges.gov.gh,Central Region
Komenda Senior High/Technical School,Komenda/Edina/Eguafo/Abirem Municipal,Komenda,Mixed,komendashst@ges.gov.gh,Central Region
Kwanyako Senior High School,Agona East,Kwanyako,Mixed,kwanyakoshs@ges.gov.gh,Central Region
Kwegyir Aggrey Senior High School,Mfantsiman Municipal,Anomabo,Mixed,kwegyiraggreyshs@ges.gov.gh,Central Region
Mando Senior High/Technical School,Ajumako/ Enyan/Esiam,Mando,Mixed,mandoshst@ges.gov.gh,Central Region
Mankessim Senior High/Technical School,Mfantsiman Municipal,Mankesim,Mixed,mankessimshst@ges.gov.gh,Central Region
"Methodist High School, Saltpond",Mfantsiman Municipal,Saltpond,Mixed,methodisthighsaltpondshs@ges.gov.gh,Central Region
Mfantsiman Girls Senior High School,Mfantsiman Municipal,Saltpond,Female,mfantsimangirlsshs@ges.gov.gh,Central Region
Mfantsipim School,Cape Coast Metro,Cape Coast,Male,mfantsipimshs@ges.gov.gh,Central Region
Mokwaa Senior High School,Twifu Atti-mokwaa,Namoo,Mixed,mokwaashs@ges.gov.gh,Central Region
Moree Community Senior High School,Abura/Asebu/Kwamankese,Moree,Mixed,moreecommshs@ges.gov.gh,Central Region
Mozano Senior High School,Gomoa West,Mozano,Mixed,mozanoshs@ges.gov.gh,Central Region
Nsaba Presby Senior High School,Agona East,Nsaba,Mixed,presbynsabashs@ges.gov.gh,Central Region
Nyakrom Senior High Tech School,Agona West Municipal,Nyakrom,Mixed,nyakromshst@ges.gov.gh,Central Region
Nyankumase Ahenkro Senior High School,Assin South,Nyankumase Ahenkro,Mixed,nyankumaseahenkroshs@ges.gov.gh,Central Region
Obiri Yeboah Senior High/Technicalnical School,Assin North Municipal,Assin Fosu,Mixed,obiriyeboahshst@ges.gov.gh,Central Region
Obrachire Senior High/Technical School,Awutu Senya,Obrakyere,Mixed,obrachireshst@ges.gov.gh,Central Region
Odoben Senior High School,Asikuma/Odoben/Brakwa,Odoben,Mixed,odobenshs@ges.gov.gh,Central Region
Odupong Community Day School,Awutu Senya,Odupong Kasoa,Mixed,odupongcommshs@ges.gov.gh,Central Region
Oguaa Senior High/Technical School,Cape Coast Metro,Cape Coast,Mixed,oguaashst@ges.gov.gh,Central Region
Ogyeedom Comm Senior High/Technical School,Gomoa Central,Gomoa Afransi,Mixed,ogyeedomcommshst@ges.gov.gh,Central Region
Potsin T.I. Ahm. Senior High School,Gomoa East,Potsin,Mixed,potsintiahmadiyyashs@ges.gov.gh,Central Region
Senya Senior High School,Awutu Senya,Senya,Mixed,senyashs@ges.gov.gh,Central Region
Siddiq Senior High School,Agona West Municipal,Agona Nyakrom,Mixed,siddiqshs@ges.gov.gh,Central Region
"St. Augustine’s College, Cape Coast",Cape Coast Metro,Cape Coast,Male,st.augustinesshs@ges.gov.gh,Central Region
St. Gregory Catholic Senior High School,Gomoa East,Buduburam,Mixed,stgregorycatholicshs@ges.gov.gh,Central Region
Swedru School of Business,Agona West Municipal,Swedru,Mixed,swedruschofbusiness@ges.gov.gh,Central Region
Swedru Senior High School,Agona East,Swedru,Mixed,swedrushs@ges.gov.gh,Central Region
Twifo Hemang Senior High/Technical School,Twifo Hemang Lower Denkyira,Heman,Mixed,twifohemangshst@ges.gov.gh,Central Region
Twifo Praso Senior High School,Twifo Ati-Morkwa,Twifo Praso,Mixed,twifoprasoshs@ges.gov.gh,Central Region
University Practice Senior High School,Cape Coast Metro,Cape Coast,Mixed,universitypracticeshs@ges.gov.gh,Central Region
"Wesley Girls Senior High School, Cape Coast",Cape Coast Metro,Cape Coast,Female,wesleygirlscapecoastshs@ges.gov.gh,Central Region
Winneba Senior High School,Effutu Municipal,Winneba,Mixed,winnebashs@ges.gov.gh,Central Region
Abetifi Presby Senior High School,Kwahu East,Abetifi,Mixed,abetifipresbyshs@ges.gov.gh,Eastern Region
Abetifi Technical Institute,Kwahu East,Abetifi,Mixed,abetifitechinst@ges.gov.gh,Eastern Region
Abuakwa State College,East Akim Municipal,Kibi,Mixed,abuakwastateshs@ges.gov.gh,Eastern Region
Aburi Girls Senior High School,Akwapim South,Aburi,Female,aburigirlsshs@ges.gov.gh,Eastern Region
Achiase Senior High School,Birim South,Achiase,Mixed,achiaseshs@ges.gov.gh,Eastern Region
Adeiso Presby Senior High School,Upper West Akim,Adeiso,Mixed,presbyadeisoshs@ges.gov.gh,Eastern Region
Adjena Senior High/Technical School,Asuogyaman,Adjena,Mixed,adjenashst@ges.gov.gh,Eastern Region
Adonten Senior High School,Akwapim South,Aburi,Mixed,adontenshs@ges.gov.gh,Eastern Region
Akim Asafo Senior High School,East Akim Municipal,Akim Asafo,Mixed,akimasafoshs@ges.gov.gh,Eastern Region
Akim Swedru Senior High School,Birim South,Akim Swedru,Mixed,akimswedrushs@ges.gov.gh,Eastern Region
Akokoaso Senior High/Technical School,Akyemansa,Akim Akokoaso,Mixed,akokoasoshs@ges.gov.gh,Eastern Region
Akro Senior High/Technical School,Lower Manya Krobo,Odumase,Mixed,akroshst@ges.gov.gh,Eastern Region
Akroso Senior High/Technical School,Birim Central Municipal,Akroso,Mixed,akrososhst@ges.gov.gh,Eastern Region
Akuse Methodist Senior High/Technical School,Lower Manya Krobo,Akuse,Mixed,akusemethodistshst@ges.gov.gh,Eastern Region
Akwamuman Senior High School,Asuogyaman,Atimpoku Akosombo,Mixed,akwamumanshs@ges.gov.gh,Eastern Region
Akwatia Technical Institute,Denkyembour,Akwatia,Mixed,akwatiatechinst@ges.gov.gh,Eastern Region
Amankwakrom Fisheries Agric. Technical Institute,Kwahu Afram Plains North,Amankwakrom,Mixed,amankwakromfisheriesagrictechinst@ges.gov.gh,Eastern Region
Amoana Praso Senior High School,Birim North,Amoana Praso,Mixed,amoanaprasoshs@ges.gov.gh,Eastern Region
Anum Apapam Community Day Senior High School,Ayensuano,Anum Apapam,Mixed,anumapapamcommshs@ges.gov.gh,Eastern Region
Anum Presby Senior High School,Asuogyaman,Anum,Mixed,presbyanumshs@ges.gov.gh,Eastern Region
Apedwa Presby Senior High School,East Akim Municipal,Apedwa,Mixed,presbyshsapedwa@ges.gov.gh,Eastern Region
Apeguso Senior High School,Asuogyaman,Apeguso,Mixed,apegusoshs@ges.gov.gh,Eastern Region
Aperade Senior High/Technical School,Birim South,Akim Aperade,Mixed,aperadeshst@ges.gov.gh,Eastern Region
Asamankese Senior High School,West Akim Municipal,Asamankese,Mixed,asamankeseshs@ges.gov.gh,Eastern Region
Asesewa Senior High School,Upper Manya Krobo,Asesewa,Mixed,asesewashs@ges.gov.gh,Eastern Region
Asuom Senior High School,Kwaebibirem,Asuom,Mixed,asuomshs@ges.gov.gh,Eastern Region
Attafuah Senior High/Technical School,Birim Central Municipal,Akim Oda,Mixed,attafuahshst@ges.gov.gh,Eastern Region
Atweaman Senior High School,Birim Central Municipal,Akim Manso,Mixed,atweamanshs@ges.gov.gh,Eastern Region
Ayirebi Senior High School,Akyemansa,Ayirebi,Mixed,ayirebishs@ges.gov.gh,Eastern Region
Benkum Senior High School,Akwapim North,Larteh Akwapim,Mixed,benkumshs@ges.gov.gh,Eastern Region
Bepong Senior High School,Kwahu South,Bepong,Mixed,bepongshs@ges.gov.gh,Eastern Region
Boso Senior High Technical School,Asuogyaman,Boso,Mixed,bososhst@ges.gov.gh,Eastern Region
Diaspora Girls’ Senior High School,Akwapim South,Obodan Nsawam,Female,diasporagirlsshs@ges.gov.gh,Eastern Region
Donkorkrom Agric Senior High School,Afram Plains (Kwahu North),Donkorkrom,Mixed,donkorkromagricshs@ges.gov.gh,Eastern Region
Fodoa Community Senior High School,Kwahu West Municipal,Fodoa Nkawkaw,Mixed,fodoacommshs@ges.gov.gh,Eastern Region
"Ghana Senior High School, Koforidua",New Juaben Municipal,Koforidua,Mixed,ghanashskoforidua@ges.gov.gh,Eastern Region
Mount Sinai Senior High School,Akwapim North,Akropong,Mixed,hmountsinaishs@ges.gov.gh,Eastern Region
"Islamic Girls Senior High School, Suhum",Suhum Municipal,Korase-Suhum,Female,islamicgirlsshs@ges.gov.gh,Eastern Region
J.G. Knol Vocational Technical Institute,Akuapem North,Adukrom Akw.,Mixed,jgknoltechvocinst@ges.gov.gh,Eastern Region
Kade Senior High/Technical School,Kwaebibirem,Kade,Mixed,kadeshst@ges.gov.gh,Eastern Region
Kibi Senior High/Technical School,East Akim Municipal,Kibi,Mixed,kibishst@ges.gov.gh,Eastern Region
Klo-agogo Senior High School,Yilo Krobo,Klo-agogo,Mixed,kloagogoshs@ges.gov.gh,Eastern Region
Koforidua Senior High/Technical School,New Juaben Municipal,Koforidua,Mixed,koforiduashst@ges.gov.gh,Eastern Region
Koforidua Technical Institute,New Juaben,Koforidua,Mixed,koforiduatechinst@ges.gov.gh,Eastern Region
Kraboa-coaltar Presby Senior High School High/Technical.,Ayensuano,Kraboa Coaltar,Mixed,presbykraboacoaltarshst@ges.gov.gh,Eastern Region
Krobo Girls Senior High School,Lower Manya Krobo,Odumase,Female,krobogirlsshs@ges.gov.gh,Eastern Region
Kwabeng Anglican Senior High/Technical School,Atiwa,Kwabeng,Mixed,kwabenganglicanshst@ges.gov.gh,Eastern Region
Kwahu Ridge Senior High School,Kwahu South,Obo-Kwahu,Mixed,kwahuridgeshs@ges.gov.gh,Eastern Region
Kwahu Tafo Senior High School,Kwahu East,Kwahu Tafo,Mixed,kwahutafoshs@ges.gov.gh,Eastern Region
Kwaobaah Nyanoa Community Senior High School,Upper West Akim,Nyanoa,Mixed,kwaobaahnyanoacommshs@ges.gov.gh,Eastern Region
Maame Krobo Community Senior High School,Afram Plains (Kwahu South),Maame Krobo,Mixed,maamekrobocommshs@ges.gov.gh,Eastern Region
Mampong/Akw Senior High/Technical School for the Deaf,Akwapim North,Mampong,Mixed,mampongakwshstforthedeaf@ges.gov.gh,Eastern Region
Mangoase Senior High School,Akwapim North,Mangoase,Mixed,mangoaseshs@ges.gov.gh,Eastern Region
Manya Krobo Senior High School,Lower Manya Krobo,New Nuaso,Mixed,manyakroboshs@ges.gov.gh,Eastern Region
Mem-Chemfre Community Senior High School,Afram Plains (Kwahu North),Mem-Chemfre,Mixed,memchemfrecommshs@ges.gov.gh,Eastern Region
"Methodist Girls Senior High School, Mamfe",Akwapim North,Mamfe,Female,methodistgirlsmamfeshs@ges.gov.gh,Eastern Region
Mpraeso Senior High School,Kwahu South,Mpraeso,Mixed,mpraesoshs@ges.gov.gh,Eastern Region
New Abirem/Afosu Senior High School,Birim North,New Abirem,Mixed,newabiremafosushs@ges.gov.gh,Eastern Region
New Juaben Senior High/comm School,New Juaben Municipal,Koforidua,Mixed,newjuabencomshs@ges.gov.gh,Eastern Region
New Nsutam Senior High/Technical School,Fanteakwa,New Nsutam,Mixed,newnsutamshst@ges.gov.gh,Eastern Region
Nifa Senior High School,Akwapim North,Adukrom,Mixed,nifashs@ges.gov.gh,Eastern Region
Nkawkaw Senior High School,Kwahu West Municipal,Nkawkaw,Mixed,nkawkawshs@ges.gov.gh,Eastern Region
Nkwatia Presby Senior High/comm School,Kwahu East,Nkwatia,Mixed,presbynkwatiacomshs@ges.gov.gh,Eastern Region
Nsawam Senior High School,Nsawam Adoagyiri,Nsawam,Mixed,nsawamshs@ges.gov.gh,Eastern Region
Oda Senior High School,Birim Central Municipal,Akim Oda,Mixed,odashs@ges.gov.gh,Eastern Region
Ofori Panin Senior High School,East Akim Municipal,Kukurantumi,Mixed,oforipaninshs@ges.gov.gh,Eastern Region
Okuapeman Senior High School,Akwapim North,Akropong,Mixed,okuapemanshs@ges.gov.gh,Eastern Region
Osino Presby Senior High/Technical School,Fanteakwa,Osino,Mixed,osinopresbyshst@ges.gov.gh,Eastern Region
Oti Boateng Senior High School,New Juaben Municipal,Ada/Koforidua,Mixed,otiboatengshs@ges.gov.gh,Eastern Region
Oyoko Methodist Senior High School,New Juaben Municipal,Oyoko,Mixed,oyokomethodistshs@ges.gov.gh,Eastern Region
"Pentecost Senior High School, Koforidua",New Juaben,Koforidua,Mixed,pentecostkoforiduashs@ges.gov.gh,Eastern Region
"Pope John Senior High & Min. Sem. School, Koforidua",New Juaben Municipal,Koforidua,Male,popejohnshs@ges.gov.gh,Eastern Region
"Presby Senior High School, Begoro",Fanteakwa,Begoro,Mixed,presbybegoroshs@ges.gov.gh,Eastern Region
"Presby Senior High School, Mampong Akwapim",Akwapim North,Mampong Akwapim,Mixed,presbymampongakwshs@ges.gov.gh,Eastern Region
"Presby Senior High School, Suhum",Suhum Municipal,Suhum,Mixed,presbysuhumshs@ges.gov.gh,Eastern Region
"Presby Senior High/Technical School, Aburi",Akwapim South,Aburi,Mixed,presbytaburishs@ges.gov.gh,Eastern Region
"Presby Senior High/Technical School, Adukrom",Akwapim North,Adukrom,Mixed,presbyadukromshst@ges.gov.gh,Eastern Region
"Presby Senior High/Technical School, Larteh",Akwapim North,Larteh Kubease,Mixed,presbylartehshs@ges.gov.gh,Eastern Region
"S.D.A Senior High School, Koforidua",New Juaben Municipal,Asokore Koforidua,Mixed,sdakoforiduashs@ges.gov.gh,Eastern Region
"S.D.A. Senior Highschool, Akim Sekyere",Atiwa,Akim Sekyere,Mixed,sdasksakimsekyereshs@ges.gov.gh,Eastern Region
"Salvation Army Senior High School, Akim Wenchi",Denkyembour,Akim Wenchi,Mixed,salvationarmywenchishs@ges.gov.gh,Eastern Region
"Saviour Senior High School, Osiem",East Akim Municipal,Osiem,Mixed,saviourshs@ges.gov.gh,Eastern Region
"St. Dominic’s Senior High/Technical School, Pepease",Kwahu East,Pepease,Mixed,stdominicsshs@ges.gov.gh,Eastern Region
St. Fidelis Senior High/Technical School,Afram Plains (Kwahu South),Tease,Mixed,stfidelisshst@ges.gov.gh,Eastern Region
"St. Francis Senior High/Technical School, Akim Oda",Birim Central Municipal,Akim Oda,Mixed,stfrancisshst@ges.gov.gh,Eastern Region
St. Joseph’s Technical Institute,Kwahu South,Kwahu-Tafo,Mixed,stjosephstechinstkwahu@ges.gov.gh,Eastern Region
"St. Martin’s Senior High School, Nsawam",Nsawam Adoagyiri,Nsawam,Mixed,stmartinsshs@ges.gov.gh,Eastern Region
St. Mary’s Vocational/Technical Institute,Kwahu Afram Plains North,Adiembra,Female,stmarytechvocinst@ges.gov.gh,Eastern Region
"St. Michael’s Senior High School, Akoase (Nkawkaw)",Birim North,"Akoase, Nkawkaw",Mixed,st.michaelsakoaseshs@ges.gov.gh,Eastern Region
"St. Paul’s Senior High School, Asakraka Kwahu",Kwahu South,Asakraka Kwahu,Mixed,stpaulskwahushs@ges.gov.gh,Eastern Region
St. Paul’s Tech. School,East Akim,Kukurantumi,Mixed,st.paulstechshs@ges.gov.gh,Eastern Region
"St. Peter’s Senior High School, Nkwatia",Kwahu East,Nkwatia,Male,stpetersshs@ges.gov.gh,Eastern Region
"St. Rose’s Senior High School, Akwatia",Denkyembour,Akwatia,Female,strosesshs@ges.gov.gh,Eastern Region
"St. Stephen’s Presby Senior High/Technical School, Asiakwa",East Akim Municipal,Asiakwa,Mixed,ststephenspresbyshst@ges.gov.gh,Eastern Region
St. Thomas Senior High/Technical School,West Akim Municipal,Asamankese,Mixed,stthomasshs@ges.gov.gh,Eastern Region
Suhum Senior High/Technical School,Suhum Municipal,Suhum,Mixed,suhumshst@ges.gov.gh,Eastern Region
Tarkrosi Community Senior High School,Denkyembour,Tarkrosi,Mixed,tarkrosicommshs@ges.gov.gh,Eastern Region
"W.b.m. Zion Senior High School, Old Tafo",East Akim Municipal,Old Tafo,Mixed,wbmzionshs@ges.gov.gh,Eastern Region
Yilo Krobo Senior High/Comm School,Yilo Krobo,Somanya,Mixed,yilokroboshscomm@ges.gov.gh,Eastern Region
Adiembra Senior High School,Sekondi Takoradi Metro,Diabene,Mixed,adiembrashs@ges.gov.gh,Western Region
Ahantaman Girls’ Senior High School,Shama Ahanta East,Sekondi-Ketan,Female,ahantamangirlsshs@ges.gov.gh,Western Region
Amenfiman Senior High School,Wassa Amenfi East,Wasa Akropong,Mixed,amenfimanshs@ges.gov.gh,Western Region
Annor Adjaye Senior High School,Jomoro,Ezilibo,Mixed,annoradjayeshs@ges.gov.gh,Western Region
Archbishop Porter Girls Senior High School,Sekondi Takoradi Metro,Sekondi,Female,archbishopportergirlshs@ges.gov.gh,Western Region
Asankrangwa Senior High School,Wassa Amenfi West,Asankragwa,Mixed,asankrangwashs@ges.gov.gh,Western Region
Asankrangwa Senior High/Technical School,Wassa Amenfi West,Asankragwa,Mixed,asankrangwashst@ges.gov.gh,Western Region
Axim Girls Senior High School,Nzema East Municipal,Axim,Female,aximgirlsshs@ges.gov.gh,Western Region
Baidoo Bonsoe Senior High/Technical School,Ahanta West,Agona Nkwanta,Mixed,baidoobonsoshst@ges.gov.gh,Western Region
Benso Senior High/Technical School,Tarkwa-Nsuaem Municipal,Benso,Mixed,bensoshst@ges.gov.gh,Western Region
Bompeh Senior High./tech School,Sekondi Takoradi Metro,Takoradi,Mixed,bompehshst@ges.gov.gh,Western Region
Bonzo-Kaku Senior High School,Ellembele,Awiebo,Mixed,bonzokakushs@ges.gov.gh,Western Region
Daboase Senior High/Technical School,Mpohor Wassa East,Daboase,Mixed,daboaseshst@ges.gov.gh,Western Region
Diabene Senior High/Technical School,Sekondi Takoradi Metro,Diabene,Mixed,diabeneshst@ges.gov.gh,Western Region
Esiama Senior High/Technical School,Ellembele,Esiama,Mixed,esiamashst@ges.gov.gh,Western Region
Fiaseman Senior High School,Tarkwa-Nsuaem Municipal,Bankyim Tarkwa*,Mixed,fiasemanshs@ges.gov.gh,Western Region
Fijai Senior High School,Sekondi Takoradi Metro,Sekondi,Mixed,fijaishs@ges.gov.gh,Western Region
Ghana Senior High/Technical School,Sekondi Takoradi Metro,Takoradi,Male,ghanashst@ges.gov.gh,Western Region
Gwiraman Communitysenior High School,Nzema East Municipal,Bamianko,Mixed,gwiramancommshs@ges.gov.gh,Western Region
Half Assini Senior High School,Jomoro,Half Assini,Mixed,halfassinishs@ges.gov.gh,Western Region
Huni Valley Senior High School,Prestea Huni Valley,Huni Valley,Mixed,hunivalleyshs@ges.gov.gh,Western Region
Kikam Technical Institute,Ellembelle,Kikam,Mixed,kikamtechinst@ges.gov.gh,Western Region
"Methodist Senior High School, Sekondi",Sekondi Takoradi Metro,Sekondi,Mixed,methodistsekondishs@ges.gov.gh,Western Region
Mpohor Senior High School,Mpohor,Mpohor,Mixed,mpohorshs@ges.gov.gh,Western Region
Nkroful Agric. Senior High School,Ellembele,Nkroful,Mixed,nkrofulagricshs@ges.gov.gh,Western Region
Nsein Senior High School,Nzema East Municipal,Nsein,Mixed,nseinshs@ges.gov.gh,Western Region
Prestea Senior High/Technical School,Prestea Huni Valley,Prestea,Mixed,presteashst@ges.gov.gh,Western Region
Sankor Community Day Senior High School,Ahanta West,Sankor,Mixed,sankorcommshs@ges.gov.gh,Western Region
Sekondi College,Sekondi Takoradi Metro,Sekondi,Mixed,sekondicollege@ges.gov.gh,Western Region
Shama Senior High School,Shama,Shama,Mixed,shamashs@ges.gov.gh,Western Region
"St. Augustine’s Senior High School, Bogoso",Prestea Huni Valley,Bogoso,Mixed,staugustinesbogososhs@ges.gov.gh,Western Region
"St. John’s Senior High School, Sekondi",Sekondi Takoradi Metro,Sekondi,Male,stjohnsshs@ges.gov.gh,Western Region
"St. Mary’s Boys’ Senior High School, Apowa",Ahanta West,Apowa,Male,stmarysboysshs@ges.gov.gh,Western Region
Takoradi Senior High School,Sekondi Takoradi Metro,Tanokrom,Mixed,takoradishs@ges.gov.gh,Western Region
Takoradi Technical Institute,Sekondi Takoradi Metro,Takoradi,Mixed,takoraditechinst@ges.gov.gh,Western Region
Tarkwa Senior High School,Tarkwa-Nsuaem Municipal,Tarkwa,Mixed,tarkwashs@ges.gov.gh,Western Region
Uthman Bin Afam Senior High School,Ellembele,Kamgbunli,Mixed,uthmanbinafamshs@ges.gov.gh,Western Region
Anbariya Senior High School,Tamale Metro,Tamale,Mixed,anbariyashs@ges.gov.gh,Northern Region
Bimbilla Senior High School,Nanumba North,Bimbilla,Mixed,bimbillashs@ges.gov.gh,Northern Region
"Business Senior High School, Tamale",Tamale Metro,Tamale,Mixed,businessshs@ges.gov.gh,Northern Region
Dabokpa Voc/Technical Institute,Tamale Metro,Tamale,Mixed,dabokpatechvocinst@ges.gov.gh,Northern Region
Dagbon State Senior High/Technical School,Yendi Municipal,Yendi,Mixed,dagbonstateshst@ges.gov.gh,Northern Region
E. P. Agric Senior High/Technical School,Tatale Sanguli,Tatale,Mixed,epagricshst@ges.gov.gh,Northern Region
"Ghana Senior High School, Tamale",Tamale Metro,Tamale,Mixed,ghanatamaleshs@ges.gov.gh,Northern Region
Gushegu Senior High School,Gushegu,Gushegu,Mixed,gushegushs@ges.gov.gh,Northern Region
"Islamic Science Senior High School, Tamale",Sagnerigu,Tamale,Mixed,islamicscienceshs@ges.gov.gh,Northern Region
Kalpohin Senior High School,Sagnerigu,Tamale,Mixed,kalpohinshs@ges.gov.gh,Northern Region
Karaga Senior High School,Karaga,Karaga,Mixed,karagashs@ges.gov.gh,Northern Region
Kasuliyili Senior High School,Tolon,Kasuliyili,Mixed,kasuliyilishs@ges.gov.gh,Northern Region
Kpandai Senior High School,Kpandi,Kpandai,Mixed,kpandaishs@ges.gov.gh,Northern Region
Kumbungu Senior High School,Kumbungu,Kumbungu,Mixed,kumbungushs@ges.gov.gh,Northern Region
Northern School Of Business,Sagnerigu,Tamale,Mixed,northernschoolofbusiness@ges.gov.gh,Northern Region
Pong-tamale Senior High School,Savelugu-Nanton,Pong-Tamale,Mixed,pongtamaleshs@ges.gov.gh,Northern Region
"Presby Senior High School, Tamale",Tamale Metro,Tamale,Mixed,presbytamaleshs@ges.gov.gh,Northern Region
Saboba E.p. Senior High School,Saboba,Saboba,Mixed,sabobaepshs@ges.gov.gh,Northern Region
Sang Community Day School,Mion,Sang,Mixed,sangcommdayshs@ges.gov.gh,Northern Region
Savelugu Senior High School,Savelugu-Nanton,Savelugu,Mixed,savelugushs@ges.gov.gh,Northern Region
"St. Charles Senior High School, Tamale",Tamale Metro,Tamale,Male,stcharlesshs@ges.gov.gh,Northern Region
St. Joseph’s Technical Institute,Saboba,Saboba,Mixed,stjosephstechinstkwahu@ges.gov.gh,Northern Region
Tamale Girls Senior High School,Tamale Metro,Tamale,Female,tamalegirlsshs@ges.gov.gh,Northern Region
Tamale Senior High School,Sagnerigu,Tamale,Mixed,tamaleshs@ges.gov.gh,Northern Region
Tamale Technical Institute,Sagnerigu,Tamale,Mixed,tamaletechinst@ges.gov.gh,Northern Region
Tolon Senior High School,Tolon,Tolon,Mixed,tolonshs@ges.gov.gh,Northern Region
Vitting Senior High/Technical.,Tamale Metro,Tamale,Mixed,vittingshst@ges.gov.gh,Northern Region
Wapuli Community Senior High School,Saboba,Wapuli,Mixed,wapulicommshs@ges.gov.gh,Northern Region
Wulensi Senior High School,Nanumba South,Wulensi,Mixed,wulensishs@ges.gov.gh,Northern Region
Yendi Senior High School,Yendi Municipal,Yendi,Mixed,yendishs@ges.gov.gh,Northern Region
Zabzugu Senior High School,Zabzugu,Zabzugu,Mixed,zabzugushs@ges.gov.gh,Northern Region
Abeaseman Community Day Senior High School,Pru,Abease,Mixed,abeasemancommshs@ges.gov.gh,Bono East Region
Abrafi Senior High School,Tano North,Techiman,Mixed,abrafishs@ges.gov.gh,Bono East Region
Amanten Senior High School,Atebubu-Amantin,Amanten,Mixed,amantenshs@ges.gov.gh,Bono East Region
Ameyaw Akumfi Senior High/Technical School,Techiman North,Aworowa,Mixed,ameyawakumfishst@ges.gov.gh,Bono East Region
Atebubu Senior High School,Atebubu-Amantin,Atebubu,Mixed,atebubushs@ges.gov.gh,Bono East Region
Bassa Community Senior High School,Sene East,Bodinka,Mixed,bassacommunityshs@ges.gov.gh,Bono East Region
Busunya Senior High School,Nkoranza North,Busunya,Mixed,busunyashs@ges.gov.gh,Bono East Region
Guakro Effah Senior High School,Techiman North,Offuman,Mixed,guakroeffahshs@ges.gov.gh,Bono East Region
Gyarko Community Day Senior High School,Techiman Municipal,Techiman,Mixed,gyarkocommshs@ges.gov.gh,Bono East Region
Jema Senior High School,Kintampo South,Jema,Mixed,jemashs@ges.gov.gh,Bono East Region
Kajaji Senior High School,Sene East,Kajaji,Mixed,kajajishs@ges.gov.gh,Bono East Region
Kesse Basahyia Senior High School,Techiman Municipal,Techiman Oforikrom,Mixed,kessebasahyiashs@ges.gov.gh,Bono East Region
Kintampo Senior High School,Kintampo North Municipal,Kintampo,Mixed,kintamposhs@ges.gov.gh,Bono East Region
Krobo Communitysenior High School,Techiman North,Krobo,Mixed,krobocommshs@ges.gov.gh,Bono East Region
Kwabre Senior High School,Nkoranza South,Akuma,Mixed,kwabreshs@ges.gov.gh,Bono East Region
Kwame Danso Senior High/Technical School,Sene West,Kwame Danso,Mixed,kwamedansoshst@ges.gov.gh,Bono East Region
Kwarteng Ankomah Senior High School,Techiman Municipal,Tanoso Techmian,Mixed,kwartengankomahshs@ges.gov.gh,Bono East Region
New Krokompe Community Senior High School,Atebubu-Amantin,New Konkrompe,Mixed,newkrokompecommshs@ges.gov.gh,Bono East Region
New Longoro Comm Senior High School (Dega),Kintampo North,New Longoro,Mixed,newlongorocommshs@ges.gov.gh,Bono East Region
Nkoranza Senior High/Technical School,Nkoranza South,Nkoranza,Mixed,nkoranzashst@ges.gov.gh,Bono East Region
Nkoranza Technical Institute.,Nkoranza,Nkoranza,Mixed,nkoranzatechinst@ges.gov.gh,Bono East Region
Osei Bonsu Senior High School,Nkoranza North,Yefri,Mixed,oseibonsushs@ges.gov.gh,Bono East Region
"Our Lady of Mount Carmel Girls Senior High School, Techiman",Techiman Municipal,Techiman,Female,ourladyofmountcarmelgirlsshs@ges.gov.gh,Bono East Region
Prang Senior High,Pru,Prang,Mixed,prangshs@ges.gov.gh,Bono East Region
"St. Francis Seminary/Senior High School, Buoyem",Techiman North,Buoyem,Male,st.francisseminaryshs@ges.gov.gh,Bono East Region
Techiman Senior High School,Techiman Municipal,Techiman,Mixed,techimanshs@ges.gov.gh,Bono East Region
Tuobodom Senior High/Technical School,Techiman North,Tuobodom,Mixed,tuobodomshst@ges.gov.gh,Bono East Region
Yeboah Asuamah Senior High School,Techiman Municipal,Nsuta,Mixed,yeboahasuamahshs@ges.gov.gh,Bono East Region
Yeji Senior High/Technical School,Pru,Yeji,Mixed,yejishst@ges.gov.gh,Bono East Region
Badu Senior High/Technical School,Tain,Badu/Wenchi,Mixed,badushst@ges.gov.gh,Bono Region
Bandaman Senior High School,Banda,Banda Ahenkro,Mixed,bandamanshs@ges.gov.gh,Bono Region
Berekum Presby Senior High School,Berekum-municipal,Berekum,Mixed,presbyberekumshs@ges.gov.gh,Bono Region
Berekum Senior High School,Berekum-municipal,Berekum,Mixed,berekumshs@ges.gov.gh,Bono Region
Chiraa Senior High School,Sunyani West,Chiraa,Mixed,chiraashs@ges.gov.gh,Bono Region
Diamono Senior High School,Jaman North,Duadaso No.2,Mixed,diamonoshs@ges.gov.gh,Bono Region
Don Bosco Vocational/Technical Institute,Sunyani West,Odumasi,Mixed,donboscotechvocinst@ges.gov.gh,Bono Region
Dormaa Senior High School,Dormaa Central Municipal,Dormaa Ahenkro,Mixed,dormaashs@ges.gov.gh,Bono Region
Drobo Senior High School,Jaman South,Drobo,Mixed,droboshs@ges.gov.gh,Bono Region
Duadaso No. 1 Senior High/Technical School,Jaman North,Duadaso,Mixed,duadasono.1shs@ges.gov.gh,Bono Region
Goka Senior High/Technical School,Jaman North,Goka,Mixed,gokashst@ges.gov.gh,Bono Region
Istiquaama Senior High School,Wenchi Municipal,Wenchi,Mixed,istiquaamashs@ges.gov.gh,Bono Region
Jinijini Senior High School,Berekum-municipal,Jinijini,Mixed,jinijinishs@ges.gov.gh,Bono Region
Koase Senior High/Technical School,Wenchi Municipal,Koase/Wenchi,Mixed,koaseshst@ges.gov.gh,Bono Region
Mansen Senior High School,Dormaa East,Wamfie,Mixed,mansenshs@ges.gov.gh,Bono Region
Menji Senior High School,Tain,Menji,Mixed,menjishs@ges.gov.gh,Bono Region
"Methodist Senior High/Technical School, Biadan",Berekum-municipal,Biadan,Mixed,methodistbiadanshst@ges.gov.gh,Bono Region
Nafana Senior High School,Jaman North,Sampa,Mixed,nafanashs@ges.gov.gh,Bono Region
Nkoranman Senior High School,Tain,Seikwa,Mixed,nkoranmanshs@ges.gov.gh,Bono Region
Nkrankwanta Comm Senior High School,Dormaa West,Nkrankwanta,Mixed,nkrankwantacommshs@ges.gov.gh,Bono Region
Nkyeraa Senior High School,Wenchi Municipal,Nchiraa,Mixed,nkyeraashs@ges.gov.gh,Bono Region
"Notre Dame Girls Senior High School, Sunyani",Sunyani West,Sunyani,Female,notredamegirlsshs@ges.gov.gh,Bono Region
Nsawkaw State Senior High School,Tain,Nsawkaw,Mixed,nsawkawstateshs@ges.gov.gh,Bono Region
Odomaseman Senior High School,Sunyani West,Odomase,Mixed,odomasemanshs@ges.gov.gh,Bono Region
Our Lady Of Providence Senior High School,Jaman South,Kwasi Buokrom,Female,ourladyofprovidenceshs@ges.gov.gh,Bono Region
"S.D.A Senior High School, Sunyani",Sunyani Municipal,Sunyani,Mixed,sdasunyanishs@ges.gov.gh,Bono Region
"Sacred Heart Senior High School, Nsoatre",Sunyani West,Nsoatre,Mixed,sacredheartshs@ges.gov.gh,Bono Region
"Salvation Army Senior High School, Aboabo Dormaa",Dormaa Central Municipal,Aboabo Dormaa,Mixed,salvationarmydormaashs@ges.gov.gh,Bono Region
"St. Ann’s Girls Senior High School, Sampa",Jaman North,Sampa,Female,st.annsgirlsshs@ges.gov.gh,Bono Region
"St. Augustine Senior High School, Nsapor Berekum",Berekum-municipal,Nsapor Berekum,Mixed,st.augustineberekumshs@ges.gov.gh,Bono Region
"St. James Sem & Senior High School, Abesim",Sunyani Municipal,Abesim,Male,st.jamessemshs@ges.gov.gh,Bono Region
Sumaman Senior High School,Jaman North,Suma-Ahenkro,Mixed,sumamanshs@ges.gov.gh,Bono Region
Sunyani Methodist Technical Inst.,Sunyani Municipal,Sunyani,Mixed,sunyanimethodisttechinst@ges.gov.gh,Bono Region
Sunyani Senior High School,Sunyani Municipal,Sunyani,Mixed,sunyanishs@ges.gov.gh,Bono Region
Twene Amanfo Senior High/Technical School,Sunyani Municipal,Sunyani,Mixed,tweneamanfoshst@ges.gov.gh,Bono Region
Wamanafo Senior High/Technical School,Dormaa East,Wamanafo,Mixed,wamanafoshst@ges.gov.gh,Bono Region
Wenchi Meth. Senior High School,Wenchi Municipal,Wenchi,Mixed,wenchimethshs@ges.gov.gh,Bono Region
Acherensua Senior High School,Asutifi South,Acherensua,Mixed,acherensuashs@ges.gov.gh,Ahafo Region
Ahafoman Senior High/Technicalnical School,Asunafo North Municipal,Goaso,Mixed,ahafomanshst@ges.gov.gh,Ahafo Region
Bechem Presby Senior High School,Tano South,Bechem,Mixed,bechempresbyshs@ges.gov.gh,Ahafo Region
Boakye Tromo Senior High/Technicalnical School,Tano North,Duayaw Nkwanta,Mixed,boakyetromoshst@ges.gov.gh,Ahafo Region
Bomaa Community Senior High School,Tano North,Bomaa,Mixed,bomaacommshs@ges.gov.gh,Ahafo Region
Derma Community Day Senior High School,Tano South,Derma,Mixed,dermacommshs@ges.gov.gh,Ahafo Region
Gyamfi Kumanini Senior High/Technicalnical School,Asutifi North,Wamahinso,Mixed,gyamfikumaninishst@ges.gov.gh,Ahafo Region
Hwidiem Senior High School,Asutifi South,Hwidiem,Mixed,hwidiemshs@ges.gov.gh,Ahafo Region
Kukuom Agric Senior High School,Asunafo South,Kukuom,Mixed,kukuomagricshs@ges.gov.gh,Ahafo Region
Mim Senior High School,Asunafo North Municipal,Mim,Mixed,mimshs@ges.gov.gh,Ahafo Region
"Ola Girls Senior High School, Kenyasi",Asutifi North,Kenyasi,Female,olagirlsshs@ges.gov.gh,Ahafo Region
Samuel Otu Presby Senior High School,Tano South,Techimantia,Mixed,samuelotupresbyshs@ges.gov.gh,Ahafo Region
Sankore Senior High School,Asunafo South,Sankore,Mixed,sankoreshs@ges.gov.gh,Ahafo Region
Serwaa Kesse Girls Senior High School,Tano North,Duayaw Nkwanta,Female,serwaakessegirlsshs@ges.gov.gh,Ahafo Region
Terchire Senior High School,Tano North,Terchire,Mixed,terchireshs@ges.gov.gh,Ahafo Region
Yamfo Anglican Senior High School,Tano North,Yamfo,Mixed,yamfoanglicanshs@ges.gov.gh,Ahafo Region
Awe Senior High/Technical School,Kasena-Nankani Municipal,Navrongo,Mixed,aweshst@ges.gov.gh,Upper East Region
Azeem-Namoa Senior High/Technical School,Bongo,Samboligo Amanga Nabiisi,Mixed,azeemnamoashst@ges.gov.gh,Upper East Region
Bawku Senior High School,Bawku Municipal,Bawku,Mixed,bawkushs@ges.gov.gh,Upper East Region
Bawku Senior High/Technical School,Bawku Municipal,Bawku,Mixed,bawkushst@ges.gov.gh,Upper East Region
Bawku Technical Institute,Bawku East,Bawku Kpalugu,Mixed,bawkutechinst@ges.gov.gh,Upper East Region
Binduri Community Senior High School,Binduri,Binduri,Mixed,binduricommshs@ges.gov.gh,Upper East Region
Bolga Girls Senior High School,Bolgatanga Municipal,Zaare Bolgatanga,Female,bolgagirlsshs@ges.gov.gh,Upper East Region
Bolga Sherigu Community Senior High School,Bolgatanga Municipal,Bolga,Mixed,bolgasherigucommshs@ges.gov.gh,Upper East Region
Bolga Technical Institute,Bolgatanga,Bolgatanga,Mixed,bolgatechinst@ges.gov.gh,Upper East Region
Bolgatanga Senior High School,Talensi,Bolgatanga,Mixed,bolgatangashs@ges.gov.gh,Upper East Region
Bongo Senior High School,Bongo,Bongo,Mixed,bongoshs@ges.gov.gh,Upper East Region
Chiana Senior High School,Kasena-Nankani West,Chiana,Mixed,chianashs@ges.gov.gh,Upper East Region
Fumbisi Senior High School,Builsa South,Fumbisi,Mixed,fumbisishs@ges.gov.gh,Upper East Region
Gambigo Community Day Senior High School,Bolga East,Gambigo,Mixed,gambigocommshs@ges.gov.gh,Upper East Region
Garu Community Day Senior High School,Garu Tempane,Garu,Mixed,garucommshs@ges.gov.gh,Upper East Region
Gowrie Senior High/Technical School,Bongo,Gowrie,Mixed,gowrieshst@ges.gov.gh,Upper East Region
Kanjaga Community Senior High School,Builsa North,Kanjaga,Mixed,kanjagacommshs@ges.gov.gh,Upper East Region
Kongo Senior High School,Nabdam,Kongo,Mixed,kongoshs@ges.gov.gh,Upper East Region
Kusanaba Senior High School,Bawku West,Kusanaba,Mixed,kusanabashs@ges.gov.gh,Upper East Region
Mirigu Community Day Senior High School,Kasena-Nankani West,Mirigu,Mixed,mirigucommshs@ges.gov.gh,Upper East Region
Nabango Senior High School,Kasena-Nankani West,Nabango,Mixed,nabangoshs@ges.gov.gh,Upper East Region
Navrongo Senior High School,Kasena-Nankani Municipal,Janania Navrongo,Mixed,navrongoshs@ges.gov.gh,Upper East Region
Notre Dame Sem/ Senior High School Navrongo,Kasena-Nankani Municipal,Navrongo,Male,notredamesemshs@ges.gov.gh,Upper East Region
O.l.l. Girls Senior High School,Kasena-Nankani,Navrongo,Female,ourladyoflourdesgilrlsshs@ges.gov.gh,Upper East Region
Paga Senior High School,Kasena-Nankani West,Paga,Mixed,pagashs@ges.gov.gh,Upper East Region
Sandema Senior High School,Builsa North,Sandema,Mixed,sandemashs@ges.gov.gh,Upper East Region
Sandema Senior High/Technical School,Builsa North,Dampong,Mixed,sandemashst@ges.gov.gh,Upper East Region
Sirigu Integrated Senior High School,Kasena-Nankani West,Sirigu,Mixed,sirigushs@ges.gov.gh,Upper East Region
St. Bernadettes Tech/Vocational Inst.,Kasena Nanakana East,Navrongo,Mixed,stbernadettestechvocinst@ges.gov.gh,Upper East Region
St. John’s Integrated Senior High/Technical School,Kasena-Nankani Municipal,Tono,Mixed,stjohnsintegratedshst@ges.gov.gh,Upper East Region
Tempane Senior High School,Garu Tempani,Tempane,Mixed,tempaneshs@ges.gov.gh,Upper East Region
Tongo Senior High/Technical School,Talensi,Tongo,Mixed,tongoshst@ges.gov.gh,Upper East Region
Wiaga Community Senior High School,Builsa North,Wiaga,Mixed,wiagacommshs@ges.gov.gh,Upper East Region
Zamse Senior High/Technical School,Bolgatanga Municipal,Bolgatanga,Mixed,zamseshst@ges.gov.gh,Upper East Region
Zebilla Senior High/Technical School,Bawku West,Zebilla,Mixed,zebillashst@ges.gov.gh,Upper East Region
Zorkor Senior High School,Bongo,Zorkor,Mixed,zorkorshs@ges.gov.gh,Upper East Region
Zuarungu Senior High School,Bolgatanga Municipal,Zuarungu,Mixed,zuarungushs@ges.gov.gh,Upper East Region
Birifoh Senior High School,Lawra,Lawra,Mixed,birifohshs@ges.gov.gh,Upper West Region
Daffiamah Senior High School,Bussie-issa,Daffiamah,Mixed,daffiamahshs@ges.gov.gh,Upper West Region
Dr. Hila Liman Senior High School,Sisala West,Gwollu,Mixed,drhilalimanshs@ges.gov.gh,Upper West Region
Eremon Senior High/Technical School,Lawra,Eremon,Mixed,eremonshst@ges.gov.gh,Upper West Region
Funsi Senior High School,Wa East,Funsi,Mixed,funsishs@ges.gov.gh,Upper West Region
Han Senior High School,Jirapa,Jirapa,Mixed,hanshs@ges.gov.gh,Upper West Region
Holy Family Senior High School,Nandom,Hamile,Mixed,holyfamilyshs@ges.gov.gh,Upper West Region
"Islamic Senior High School, Wa",Wa Municipal,Wa,Mixed,islamicwashs@ges.gov.gh,Upper West Region
Jamiat Al-hidaya Islamic Girls Senior High School,Wa Municipal,Wa,Female,jamiatalhidayaislamicgirlsshs@ges.gov.gh,Upper West Region
Jirapa Senior High School,Jirapa,Jirapa-town,Mixed,jirapashs@ges.gov.gh,Upper West Region
Kaleo Senior High/Technical School,Nadowli,Kaleo,Mixed,kaleoshst@ges.gov.gh,Upper West Region
Kanton Senior High School,Sisala East,Tumu,Mixed,kantonshs@ges.gov.gh,Upper West Region
Ko Senior High School,Nandom,Ko-nandom,Mixed,koshs@ges.gov.gh,Upper West Region
Lambussie Comm Senior High School,Lambusie Karni,Lambussie,Mixed,lambussiecommshs@ges.gov.gh,Upper West Region
Lassie-tuolu Senior High School,Wa West,Lassie,Mixed,lassietuolushs@ges.gov.gh,Upper West Region
Lawra Senior High School,Lawra,Lawra,Mixed,lawrashs@ges.gov.gh,Upper West Region
Loggu Community Day School,Wa East,Loggu,Mixed,loggucommshs@ges.gov.gh,Upper West Region
Nandom Senior High School,Nandom,Nandom,Male,nandomshs@ges.gov.gh,Upper West Region
Northern Star Senior High School,Wa Municipal,"Mangu, Wa",Mixed,northernstarshs@ges.gov.gh,Upper West Region
Piina Senior High School,Lambusie Karni,Piina,Mixed,piinashs@ges.gov.gh,Upper West Region
Queen Of Peace Senior High School,Nadowli,Nadowli Nadowli,Mixed,queenofpeaceshs@ges.gov.gh,Upper West Region
Sombo Senior High School,Nadowli Kaleo,Sombo,Female,somboshs@ges.gov.gh,Upper West Region
"St. Augustine Senior High/Technical School, Saan Charikpong",Nadowli,"Saan, Charikpong",Mixed,st.augustinecharikpongshst@ges.gov.gh,Upper West Region
St. Basilides Vocational/Technical Institute,Nadowli Kaleo,Kaleo,Mixed,stbasilidestechvocinst@ges.gov.gh,Upper West Region
"St. Francis Girls Senior High School, Jirapa",Jirapa,Jirapa,Female,stfrancisgirlsshs@ges.gov.gh,Upper West Region
St.john’s Vocational Tech. Institute,Nandom,Nandom,Mixed,stjohnstechvocinst@ges.gov.gh,Upper West Region
"T. I. Ahmadiyya Senior High School, Wa",Wa Municipal,Wa,Mixed,tiahmadiyyawashs@ges.gov.gh,Upper West Region
Takpo Senior High School,Nadowli,Takpo,Mixed,takposhst@ges.gov.gh,Upper West Region
Tumu Senior High/Technical School,Sisala East,Tumu,Mixed,tumushst@ges.gov.gh,Upper West Region
Ullo Senior High School,Jirapa,Ullo,Mixed,ulloshs@ges.gov.gh,Upper West Region
Wa Senior High School,Wa Municipal,Wa,Mixed,washs@ges.gov.gh,Upper West Region
Wa Senior High/Technical School,Wa Municipal,Wa,Mixed,washst@ges.gov.gh,Upper West Region
Wa Technical Institute,Wa Municipal,Wa,Mixed,watechinst@ges.gov.gh,Upper West Region
Abor Senior High School,Anlo Keta Municipal,Abor,Mixed,aborshs@ges.gov.gh,Volta Region
Abuadi/tsrefe Senior High School,Adaklu,Adaklu – Abuadi,Mixed,abuaditsrefeCommunityshs@ges.gov.gh,Volta Region
Abutia Senior High/Technical School,Ho West,Abutia,Mixed,abutiashst@ges.gov.gh,Volta Region
Adaklu Senior High School,Adaklu-Anyigbe,Adaklu,Mixed,adaklushs@ges.gov.gh,Volta Region
Adidome Senior High School,Central Tongu,Adidome,Mixed,adidomeshs@ges.gov.gh,Volta Region
Afadjato Senior High/Technical School,Hohoe Municipal,Gbledi Gbogame,Mixed,afadjatoshst@ges.gov.gh,Volta Region
Afife Senior High Tech School,Ketu North,Afife,Mixed,afifeshst@ges.gov.gh,Volta Region
Agate Community Senior High School,Afadzato South,Agate,Mixed,agatecommshs@ges.gov.gh,Volta Region
Agotime Senior High School,Agortime Ziope,Kpetoe,Mixed,agotimeshs@ges.gov.gh,Volta Region
Akatsi Senior High/Technical School,Akatsi,Akatsi,Mixed,akatsishst@ges.gov.gh,Volta Region
Akome Senior High/Technical School,Ho West,Akome,Mixed,akomeshst@ges.gov.gh,Volta Region
Akpafu Senior High/Technical School,Hohoe Municipal,Akpafu,Mixed,akpafushst@ges.gov.gh,Volta Region
Alavanyo Senior High/Technical School,Hohoe Municipal,Alavanyo Kpeme,Mixed,alavanyoshst@ges.gov.gh,Volta Region
Amedzofe Technical Institute,Ho West,Amedzofe,Mixed,amedzofetechinst@ges.gov.gh,Volta Region
Anfoega Senior High School,North Dayi,Anfoega,Mixed,anfoegashs@ges.gov.gh,Volta Region
Anlo Afiadenyigba Senior High School,Anlo Keta Municipal,Anlo Afiadenyigba,Mixed,anloafiadenyigbashs@ges.gov.gh,Volta Region
Anlo Awomefia Senior High School,Anlo Keta Municipal,Anyako,Mixed,anloawomefiashs@ges.gov.gh,Volta Region
Anlo Senior High School,Anlo Keta Municipal,Anloga,Mixed,anloshs@ges.gov.gh,Volta Region
Anlo Technical Institute,Keta,Anloga,Mixed,anlotechinst@ges.gov.gh,Volta Region
Atiavi Senior High/Technical School,Anlo Keta Municipal,Atiavi,Mixed,atiavishst@ges.gov.gh,Volta Region
Avatime Senior High School,Ho West,Vane,Mixed,avatimeshs@ges.gov.gh,Volta Region
Ave Senior High School,Akatsi North,Ave-Dakpa,Mixed,aveshs@ges.gov.gh,Volta Region
Avenor Senior High School,Akatsi South,Avenorkpeme,Mixed,avenorshs@ges.gov.gh,Volta Region
Aveyime Battor Senior High/Technical School,North Tongu,Aveyime Battor,Mixed,aveyimebattorshst@ges.gov.gh,Volta Region
Awudome Senior High School,Ho Municipal,Tsito,Mixed,awudomeshs@ges.gov.gh,Volta Region
Battor Senior High School,North Tongu,Battor,Mixed,battorshs@ges.gov.gh,Volta Region
Bishop Herman College,Kpando,Kpando,Male,bishophermancollegeshs@ges.gov.gh,Volta Region
C.y.o.Vocational Technical Institute,Kpando,Sovie,Mixed,cyotechvocinst@ges.gov.gh,Volta Region
Comboni Tech/Voc Inst.,South Tongu,Sogakope,Mixed,combonitechvocinst@ges.gov.gh,Volta Region
Dabala Senior High/Technical.,South Tongu,Dabala,Mixed,dabalashst@ges.gov.gh,Volta Region
Dofor Senior High School,North Tongu,Juapong,Mixed,doforshs@ges.gov.gh,Volta Region
Dzodze Penyi Senior High School,Ketu North,Dzodze,Mixed,dzodzepenyishs@ges.gov.gh,Volta Region
Dzolo Senior High School,Ho West,Dzolo,Mixed,dzoloshs@ges.gov.gh,Volta Region
E. P. Senior High School,Hohoe Municipal,Hohoe,Mixed,epshs@ges.gov.gh,Volta Region
E. P. Technical Vocational Institute Alavanyo,Hohoe,Forson Dotse,Mixed,eptechvocinst@ges.gov.gh,Volta Region
E.P.C. Mawuko Girls Senior High School,Ho Municipal,Ho,Female,epcmawukogirlsshs@ges.gov.gh,Volta Region
Have Technical Institute,Afadzto South,Have,Mixed,havetechinst@ges.gov.gh,Volta Region
Jim Bourton Mem Agric. Senior High School,Afadzato South,Logba Adzokoe,Mixed,jimbourtonmemagricshs@ges.gov.gh,Volta Region
Keta Business Senior High School,Anlo Keta Municipal,Keta,Mixed,ketabusinessshs@ges.gov.gh,Volta Region
Keta Senior High/Technical School,Keta,Keta,Mixed,ketashst@ges.gov.gh,Volta Region
Klikor Senior High/Technical School,Ketu South,Klikor,Mixed,klikorshst@ges.gov.gh,Volta Region
Kpando Senior High School,Kpando,Kpando,Mixed,kpandoshs@ges.gov.gh,Volta Region
Kpando Technical Institute,Kpando,Kpando,Mixed,kpandotechinst@ges.gov.gh,Volta Region
Kpedze Senior High School,Ho West,Kpedze,Mixed,kpedzesehs@ges.gov.gh,Volta Region
Kpeve Senior High School,South Dayi,Kpeve,Mixed,kpeveshs@ges.gov.gh,Volta Region
Leklebi Senior High School,Afadzato South,Leklebi,Mixed,leklebishs@ges.gov.gh,Volta Region
Likpe Senior High School,Hohoe Municipal,Likpe-Mate,Mixed,likpeshs@ges.gov.gh,Volta Region
Mafi-Kumasi Senior High/Technical School,Central Tongu,Mafi-Kumasi,Mixed,mafikumasishst@ges.gov.gh,Volta Region
"Mawuli School, Ho",Ho Municipal,Ho,Mixed,mawulischoolshs@ges.gov.gh,Volta Region
Mepe St. Kizito Senior High/Technical School,North Tongu,Mepe,Mixed,mepestkizitoshst@ges.gov.gh,Volta Region
"Ola Girls Senior High School, Ho",Ho Municipal,Ho,Female,olagirlsshs@ges.gov.gh,Volta Region
Peki Senior High School,South Dayi,Peki,Mixed,pekishs@ges.gov.gh,Volta Region
Peki Senior High/Technicalnical School,South Dayi,Peki,Mixed,pekishst@ges.gov.gh,Volta Region
Shia Senior Hightechnical School,Ho Municipal,Shia,Mixed,shiashst@ges.gov.gh,Volta Region
Sogakope Senior High School,South Tongu,Sogakope,Mixed,sogakopeshs@ges.gov.gh,Volta Region
Sokode Senior High/Technical School,Ho Municipal,Sokode,Mixed,sokodeshst@ges.gov.gh,Volta Region
Some Senior High School,Ketu South,Agbozume,Mixed,someshs@ges.gov.gh,Volta Region
St. Catherine Girls Senior High School,South Tongu,Agbakope,Female,stcatherinegirlsshs@ges.gov.gh,Volta Region
St. Daniel Comboni Tech/voc Inst.,Afadzto South,Liati,Mixed,stdanielcombonitechvocinst@ges.gov.gh,Volta Region
"St. Mary’s Sem.& Senior High School, Lolobi",Hohoe Municipal,Lolobi,Male,stmaryssemshs@ges.gov.gh,Volta Region
"St. Paul’s Senior High School, Denu",Ketu South,Hatsukope/ Denu,Male,stpaulsdenushs@ges.gov.gh,Volta Region
Tanyigbe Senior High School,Ho Municipal,Tanyigbe,Mixed,tanyigbeshs@ges.gov.gh,Volta Region
Taviefe Community Senior High School,Ho Municipal,Taviefe,Mixed,taviefecommshs@ges.gov.gh,Volta Region
Three Town Senior High School,Ketu South,Denu,Mixed,threetownshs@ges.gov.gh,Volta Region
Tongor Senior High Tech School,South Dayi,Kpeve,Mixed,tongorshst@ges.gov.gh,Volta Region
Tsiame Senior High School,Anlo Keta Municipal,Tsiame,Mixed,tsiameshs@ges.gov.gh,Volta Region
Tsito Senior High/Technical School,Ho West,Tsito,Mixed,tsitoshst@ges.gov.gh,Volta Region
Vakpo Senior High School,North Dayi,Vakpo,Mixed,vakposhs@ges.gov.gh,Volta Region
Vakpo Senior High/Technical School,North Dayi,Vakpo,Mixed,vakposhst@ges.gov.gh,Volta Region
Ve Community Senior High School,Afadzato South,Ve-Koloenu,Mixed,vecommshs@ges.gov.gh,Volta Region
Volo Community Senior High School,North Tongu,Volo,Mixed,volocommshs@ges.gov.gh,Volta Region
Volta Senior High School,Anlo Keta Municipal,Dzita Agbledomi,Mixed,voltashs@ges.gov.gh,Volta Region
Volta Technical Institute,Ho,Matse,Mixed,voltatechinst@ges.gov.gh,Volta Region
Weta Senior High/Technical School,Ketu North,Weta,Mixed,wetashst@ges.gov.gh,Volta Region
Wovenu Senior High Technical School,Ketu North,Tadzewu,Mixed,wovenushst@ges.gov.gh,Volta Region
Zion Senior High School,Anlo Keta Municipal,Anloga,Mixed,zionshs@ges.gov.gh,Volta Region
Ziope Senior High School,Agortime Ziope,Ziope,Mixed,ziopeshs@ges.gov.gh,Volta Region
Adjoafua Community Senior High School,Bia West,Adjoafua,Mixed,adjoafuacommshs@ges.gov.gh,Western North Region
Akontombra Senior High School,Sefwi Akontombra,Akontombra,Mixed,akontombrashs@ges.gov.gh,Western North Region
Asawinso Senior High School,Sefwi Wiawso,Asawinso,Mixed,asawinsoshs@ges.gov.gh,Western North Region
Bia Senior High/Technical School,Bia West,Debiso Essiam,Mixed,biashst@ges.gov.gh,Western North Region
Bibiani Senior High/Technical School,Bibiani/Anhwiaso/Bekwai,Bibiani,Mixed,bibianishst@ges.gov.gh,Western North Region
Bodi Senior High School,Bodi,Bodi,Mixed,bodishs@ges.gov.gh,Western North Region
Chirano Community Day Senior High School,Bibiani/Anhwiaso/Bekwai,Chirano,Mixed,chiranocommshs@ges.gov.gh,Western North Region
Dadieso Senior High School,Suaman,Dadieso,Mixed,dadiesoshs@ges.gov.gh,Western North Region
Juaboso Senior High School,Juabeso,Juaboso,Mixed,juabososhs@ges.gov.gh,Western North Region
Manso-Amenfi Community Day Senior High School,Wassa Amenfi Central,Manso-Amenfi,Mixed,mansoamenficommshs@ges.gov.gh,Western North Region
Nana Brentu Senior High/Technical School,Aowin Suaman,Enchi,Mixed,nanabrentushst@ges.gov.gh,Western North Region
Nsawora Edumafa Community Senior High School,Sefwi Akontombra,Nsawora Edumafa,Mixed,nsaworaedumafacommshs@ges.gov.gh,Western North Region
"Queens Girls’ Senior High School, Sefwi Awhiaso",Bibiani/Anhwiaso/Bekwai,Sefwi Anwhiaso,Female,queensgirlsshs@ges.gov.gh,Western North Region
Sefwi Bekwai Senior High School,Bibiani/Anhwiaso/Bekwai,Sefwi Bekwai,Mixed,sefwibekwaishs@ges.gov.gh,Western North Region
Sefwi-Wawso Senior High School,Sefwi Wiawso,Sefwi-Wiawso,Mixed,sefwiwiawsoshs@ges.gov.gh,Western North Region
Sefwi-Wiawso Senior High/Technical School,Sefwi Wiawso,Sefwi-Wiawso,Mixed,sefwiwiawsoshst@ges.gov.gh,Western North Region
"St. Joseph Senior High School, Sefwi Wiawso",Sefwi Wiawso,Sefwi Wiawso,Mixed,stjosephshs@ges.gov.gh,Western North Region
Bamboi Community Senior High School,Bole,Bamboi,Mixed,bamboicommshs@ges.gov.gh,Savannah Region
Bole Senior High School,Bole,Bole,Mixed,boleshs@ges.gov.gh,Savannah Region
Buipe Senior High School,Central Gonja,Buipe,Mixed,buipeshs@ges.gov.gh,Savannah Region
Buipe Tech/Voc Inst.,Central Gonja,Buipe,Mixed,buipetechvocinst@ges.gov.gh,Savannah Region
Daboya Community Day School,North Gonja,Daboya,Mixed,daboyacommshs@ges.gov.gh,Savannah Region
Damongo Senior High School,West Gonja,Damongo,Mixed,damongoshs@ges.gov.gh,Savannah Region
Mpaha Community Day Senior High School,Central Gonja,Mpaha,Mixed,mphashs@ges.gov.gh,Savannah Region
Ndewura Jakpa Senior High/Technical School,West Gonja,Damongo,Mixed,ndewurajakpashst@ges.gov.gh,Savannah Region
Salaga Senior High School,East Gonja,Salaga,Mixed,salagashs@ges.gov.gh,Savannah Region
Salaga T.I. Ahmad Senior High School,East Gonja,Salaga,Mixed,salagatiahmadiyyashs@ges.gov.gh,Savannah Region
Sawla Senior High School,Sawla-Tuna-Kalba,Sawla,Mixed,sawlashs@ges.gov.gh,Savannah Region
St. Anthony Of Padua Senior High/Technical School,Bole,Bamboi,Mixed,stanthonyofpaduashs@ges.gov.gh,Savannah Region
Tuna Senior High/Technical School,Sawla-Tuna-Kalba,Tuna,Mixed,tunashst@ges.gov.gh,Savannah Region
Ahamansu Islamic Senior High School,Kadjebi,Ahamansu,Mixed,ahamansuislamicshs@ges.gov.gh,Oti Region
Asukawkaw Senior High School,Krachi East,Asukawkaw,Mixed,asukawkawshs@ges.gov.gh,Oti Region
Baglo Ridge Senior High/Technical School,Jasikan,Baglo,Mixed,bagloridgeshst@ges.gov.gh,Oti Region
Biakoye Community Day School,Biakoye,Kwamekrom,Mixed,biakoyecommdayshs@ges.gov.gh,Oti Region
Bowiri Community Day School,Biakoye,Bowiri,Mixed,bowiricommdayshs@ges.gov.gh,Oti Region
Bueman Senior High School,Jasikan,Jasikan,Mixed,buemanshs@ges.gov.gh,Oti Region
Dodi-Papase Senior High/Technical School,Kadjebi,Dodi Papase,Mixed,dodipapaseshst@ges.gov.gh,Oti Region
Fr. Dogli Memorial VocationalTechnical Institute,Jasikan,New Ayoma,Mixed,frdoglimemorialtechvocinst@ges.gov.gh,Oti Region
Kadjebi-Asato Senior High School,Kadjebi,Kadjeto-Asato,Mixed,kadjebiasatoshs@ges.gov.gh,Oti Region
Kete Krachi Senior High/Technical School,Krachi West,Kete-Krachi,Mixed,ketekrachishst@ges.gov.gh,Oti Region
Kpassa Senior High/Technical School,Nkwanta North,Kpassa,Mixed,kpassashst@ges.gov.gh,Oti Region
Krachi Senior High School,Krachi West,Kete-Krachi,Mixed,krachishs@ges.gov.gh,Oti Region
Kyabobo Girls Senior High School,Nkwanta South,Nkwanta,Female,kyabobogirlsshs@ges.gov.gh,Oti Region
Nchumuruman Community Day Senior High School,Krachi Nchumuru,[near] Tegbi,Mixed,nchumurumancommdayshs@ges.gov.gh,Oti Region
Nkonya Senior High School,Biakoye,Nkonya Ahenkro,Mixed,nkonyashs@ges.gov.gh,Oti Region
Nkwanta Comm Senior High School,Nkwanta South,Nkwanta,Mixed,nkwantacommshs@ges.gov.gh,Oti Region
Nkwanta Senior High School,Nkwanta South,Nkwanta,Mixed,nkwantashs@ges.gov.gh,Oti Region
Ntruboman Senior High School,Nkwanta South,Brewaniase,Mixed,ntrubomanshs@ges.gov.gh,Oti Region
Okadjakrom Senior High/Technical School,Jasikan,Okadjakrom,Mixed,okadjakromshst@ges.gov.gh,Oti Region
Oti Senior High/Technical School,Krachi East,Dambai,Mixed,otishst@ges.gov.gh,Oti Region
Tapaman Senior High/Technical School,Biakoye,Tapa Amanfrom,Mixed,tapamanshst@ges.gov.gh,Oti Region
Worawora Senior High School,Biakoye,Worawora,Mixed,woraworashs@ges.gov.gh,Oti Region
Yabram Community Day School,Krachi East,Dambai,Mixed,yabramcommdayshs@ges.gov.gh,Oti Region
Bunkpurugu Senior High/Technical School,North East Bunkrupgu-Yunguo,Bunkupurugu,Mixed,bunkpurugushst@ges.gov.gh,North East Region
Chereponi Senior High/Technical School,Chereponi,Chereponi,Mixed,chereponishst@ges.gov.gh,North East Region
Gambaga Girls Senior High School,East Mamprusi,Gambaga,Female,gambagagirlsshs@ges.gov.gh,North East Region
Janga Senior High/Technical School,West Mamprusi Municipal,Municipal Assembly,Male,jangashts@ges.gov.gh,North East Region
Langbinsi Senior High Technical School,East Mamprusi Municipal,Langbinsi,Mixed,langbinsishst@ges.gov.gh,North East Region
Nakpanduri Senior High School,North East Bunkrupgu-Yunguo,Nakpanduri,Mixed,nakpandurishs@ges.gov.gh,North East Region
Nalerigu Senior High School,East Mamprusi,Nalerigu,Mixed,nalerigushs@ges.gov.gh,North East Region
Sakogu Senior High/Technical School,East Mamprusi,Sakogu,Mixed,sakogushst@ges.gov.gh,North East Region
Walewale Senior High School,West Mamprusi,Walewele West Mamprusi,Mixed,walewaleshs@ges.gov.gh,North East Region
Walewaletech/ Voc Inst.,West Mampusi,Walewale,Mixed,walewaletechvocinst@ges.gov.gh,North East Region
Wulugu Senior High School,West Mamprusi,Wulugu,Mixed,wulugushs@ges.gov.gh,North East Region
Yagaba Senior High School,Mamprugu Moaduri,Yagaba,Mixed,yagabashs@ges.gov.gh,North East Region
